,순위,부제목,제목,상세보기링크,이벤트 정보,가격,추가정보,저자,출판사,출판연도
0,1,서울대 소비트렌드 분석센터의 2022 전망,트렌드 코리아 2022,http://www.kyobobook.co.kr/product/detailViewKor.laf?mallGb=KOR&ejkGb=KOR&barcode=9788959897001,"['무료배송', '이벤트', '오늘의책', '소득공제']","도서16,200원[10%↓ +5% 적립]|eBook12,600원","지금 주문하면내일(22일,금)도착 예정입니다",김난도전미영최지혜이향은이준영,미래의창,2021년10월06일
1,2,아주 작은 날갯짓의 시작,인생은 실전이다,http://www.kyobobook.co.kr/product/detailViewKor.laf?mallGb=KOR&ejkGb=KOR&barcode=9791197549304,"['무료배송', '소득공제']","도서16,650원[10%↓ +5% 적립]|eBook12,900원","지금 주문하면내일(22일,금)도착 예정입니다",주언규신영준,상상스퀘어,2021년09월08일
2,3,철학이 우리 인생에 스며드는 순간,소크라테스 익스프레스,http://www.kyobobook.co.kr/product/detailViewKor.laf?mallGb=KOR&ejkGb=KOR&barcode=9791190030922,"['무료배송', '이벤트', '오늘의책', 'sam', '소득공제']","도서16,200원[10%↓ +5% 적립]|eBook12,500원","지금 주문하면내일(22일,금)도착 예정입니다",에릭와이너,어크로스,2021년04월28일
3,4,단골손님을 찾습니다,달러구트 꿈 백화점. 2,http://www.kyobobook.co.kr/product/detailViewKor.laf?mallGb=KOR&ejkGb=KOR&barcode=9791165343729,"['무료배송', '이벤트', '오늘의책', '소득공제']","도서12,420원[10%↓ +5% 적립]|eBook9,660원","지금 주문하면내일(22일,금)도착 예정입니다",이미예,팩토리나인,2021년07월27일
4,5,주문하신 꿈은 매진입니다,달러구트 꿈 백화점,http://www.kyobobook.co.kr/product/detailViewKor.laf?mallGb=KOR&ejkGb=KOR&barcode=9791165341909,"['무료배송', '이벤트', 'MD의 선택', 'sam', '소득공제']","도서12,420원[10%↓ +5% 적립]|eBook9,100원","지금 주문하면내일(22일,금)도착 예정입니다",이미예,팩토리나인,2020년07월08일
5,6,,"오늘 밤, 세계에서 이 사랑이 사라진다 해도",http://www.kyobobook.co.kr/product/detailViewKor.laf?mallGb=KOR&ejkGb=KOR&barcode=9791191043297,"['무료배송', '이벤트', 'MD의 선택', 'sam', '소득공제']","도서12,600원[10%↓ +5% 적립]|eBook10,000원","지금 주문하면내일(22일,금)도착 예정입니다",이치조미사키,모모,2021년06월28일
6,7,한강 장편소설,작별하지 않는다,http://www.kyobobook.co.kr/product/detailViewKor.laf?mallGb=KOR&ejkGb=KOR&barcode=9788954682152,"['무료배송', '이벤트', '오늘의책', '소득공제']","도서12,600원[10%↓ +5% 적립]|eBook9,800원","지금 주문하면내일(22일,금)도착 예정입니다",한강,문학동네,2021년09월09일
7,8,내 안에 잠든 운을 깨우는 7가지 법칙,럭키,http://www.kyobobook.co.kr/product/detailViewKor.laf?mallGb=KOR&ejkGb=KOR&barcode=9791191891027,"['무료배송', '이벤트', '오늘의책', 'sam', '소득공제']","도서14,400원[10%↓ +5% 적립]|eBook11,200원","지금 주문하면내일(22일,금)도착 예정입니다",김도윤,북로망스,2021년08월25일
8,9,,미드나잇 라이브러리,http://www.kyobobook.co.kr/product/detailViewKor.laf?mallGb=KOR&ejkGb=KOR&barcode=9791191056556,"['무료배송', '이벤트', '오늘의책', 'sam', '소득공제']","도서14,220원[10%↓ +5% 적립]|eBook12,500원","지금 주문하면내일(22일,금)도착 예정입니다",매트헤이그,인플루엔셜,2021년04월28일
9,10,김호연 장편소설,불편한 편의점,http://www.kyobobook.co.kr/product/detailViewKor.laf?mallGb=KOR&ejkGb=KOR&barcode=9791161571188,"['무료배송', '이벤트', 'MD의 선택', 'sam', '소득공제']","도서12,600원[10%↓ +5% 적립]|eBook9,800원","지금 주문하면내일(22일,금)도착 예정입니다",김호연,나무옆의,2021년04월20일
10,11,,햇빛은 찬란하고 인생은 귀하니까요: 밀라논나 이야기,http://www.kyobobook.co.kr/product/detailViewKor.laf?mallGb=KOR&ejkGb=KOR&barcode=9788934985051,"['무료배송', '이벤트', '오늘의책', '소득공제']","도서13,320원[10%↓ +5% 적립]|eBook10,500원","지금 주문하면내일(22일,금)도착 예정입니다",장명숙,김영사,2021년08월18일
11,12,절대 공부를 포기하고 싶지 않은 사람들을 위한 9가지 기술,공부의 본질,http://www.kyobobook.co.kr/product/detailViewKor.laf?mallGb=KOR&ejkGb=KOR&barcode=9791191825176,"['무료배송', '이벤트', '오늘의책', '한정판매', '소득공제']","도서14,850원[10%↓ +5% 적립]","지금 주문하면내일(22일,금)도착 예정입니다",이윤규,빅피시,2021년10월15일
12,13,후삼국 편: 온달의 기묘한 시간 여행,설민석의 한국사 대모험. 18,http://www.kyobobook.co.kr/product/detailViewKor.laf?mallGb=KOR&ejkGb=KOR&barcode=9791165382988,"['무료배송', '이벤트', 'MD의 선택', '소득공제']","도서10,800원[10%↓ +5% 적립]","지금 주문하면내일(22일,금)도착 예정입니다",설민석스토리박스,아이휴먼,2021년10월18일
13,14,당신의 모든 것이 메시지다,그냥 하지 말라,http://www.kyobobook.co.kr/product/detailViewKor.laf?mallGb=KOR&ejkGb=KOR&barcode=9791191211467,"['무료배송', '오늘의책', '소득공제']","도서15,300원[10%↓ +5% 적립]|eBook12,500원","지금 주문하면내일(22일,금)도착 예정입니다",송길영,북스톤,2021년10월05일
14,15,되는 곳만 골라 발 빠르게 투자하는,대한민국 재건축 재개발 지도,http://www.kyobobook.co.kr/product/detailViewKor.laf?mallGb=KOR&ejkGb=KOR&barcode=9791130640600,"['무료배송', '이벤트', 'MD의 선택', 'sam', '소득공제']","도서17,100원[10%↓ +5% 적립]|eBook13,300원","지금 주문하면내일(22일,금)도착 예정입니다",정지영,다산북스,2021년08월25일
15,16,인생을 리셋하는 혼자 있는 시간의 힘,지금은 나만의 시간입니다,http://www.kyobobook.co.kr/product/detailViewKor.laf?mallGb=KOR&ejkGb=KOR&barcode=9791158512255,"['무료배송', '이벤트', '오늘의책', '소득공제']","도서13,500원[10%↓ +5% 적립]","지금 주문하면내일(22일,금)도착 예정입니다",김유진,토네이도,2021년10월15일
16,17,소윤 에세이,작은 별이지만 빛나고 있어(10만 부 기념 한정판 에디션),http://www.kyobobook.co.kr/product/detailViewKor.laf?mallGb=KOR&ejkGb=KOR&barcode=9791197037153,"['무료배송', '이벤트', '오늘의책', 'sam', '소득공제']","도서13,500원[10%↓ +5% 적립]|eBook10,500원","지금 주문하면내일(22일,금)도착 예정입니다",소윤,북로망스,2021년09월29일
17,18,,인간 실격(세계문학전집 103),http://www.kyobobook.co.kr/product/detailViewKor.laf?mallGb=KOR&ejkGb=KOR&barcode=9788937461033,"['이벤트', 'MD의 선택', '소득공제']","도서7,200원[10%↓ +5% 적립]|eBook5,600원","지금 주문하면내일(22일,금)도착 예정입니다",다이오사무,민음사,2012년04월10일
18,19,히가시노 게이고 장편소설,백조와 박쥐,http://www.kyobobook.co.kr/product/detailViewKor.laf?mallGb=KOR&ejkGb=KOR&barcode=9791190885928,"['무료배송', '이벤트', '오늘의책', '소득공제']","도서16,200원[10%↓ +5% 적립]|eBook12,600원","지금 주문하면내일(22일,금)도착 예정입니다",히가시노게이고,현대문학,2021년08월16일
19,20,입지의 신 빠숑과 임장의 신 블루999의 투자비법,당신만 몰랐던 부동산 투자(반양장),http://www.kyobobook.co.kr/product/detailViewKor.laf?mallGb=KOR&ejkGb=KOR&barcode=9791168210028,"['무료배송', '이벤트', 'MD의 선택', '소득공제']","도서16,020원[10%↓ +5% 적립]","지금 주문하면내일(22일,금)도착 예정입니다",김학렬(빠숑)김우람(블루999),베가북스,2021년10월20일
20,21,정유정 장편소설,완전한 행복,http://www.kyobobook.co.kr/product/detailViewKor.laf?mallGb=KOR&ejkGb=KOR&barcode=9791167370280,"['무료배송', '이벤트', '오늘의책', '소득공제']","도서14,220원[10%↓ +5% 적립]|eBook11,060원","지금 주문하면내일(22일,금)도착 예정입니다",정유정,은행나무,2021년06월08일
21,22,동학개미의 스승 박세익 전무가 말하는 현명한 투자 행복한 투자,투자의 본질,http://www.kyobobook.co.kr/product/detailViewKor.laf?mallGb=KOR&ejkGb=KOR&barcode=9791189352424,"['무료배송', '이벤트', '오늘의책', 'sam', '소득공제']","도서16,200원[10%↓ +5% 적립]|eBook13,000원","지금 주문하면내일(22일,금)도착 예정입니다",박세익,위너스북,2021년08월20일
22,23,상처받은 내면의 ‘나’와 마주하는 용기,오은영의 화해,http://www.kyobobook.co.kr/product/detailViewKor.laf?mallGb=KOR&ejkGb=KOR&barcode=9788997396870,"['무료배송', '이벤트', '오늘의책', 'sam', '소득공제']","도서14,400원[10%↓ +5% 적립]|eBook9,600원","지금 주문하면내일(22일,금)도착 예정입니다",오은영,코리아닷컴,2019년01월10일
23,24,최상위 부자가 말하는 돈에 대한 모든 것,돈의 속성(150쇄 기념 에디션),http://www.kyobobook.co.kr/product/detailViewKor.laf?mallGb=KOR&ejkGb=KOR&barcode=9791188331796,"['무료배송', '이벤트', '오늘의책', 'sam', '소득공제']","도서15,120원[10%↓ +5% 적립]|eBook11,760원","지금 주문하면내일(22일,금)도착 예정입니다",김승호,스노우폭스북스,2020년06월15일
24,25,"포스트 코로나 시대, 우리 앞에 다가온 역사의 변곡점",거대한 가속,http://www.kyobobook.co.kr/product/detailViewKor.laf?mallGb=KOR&ejkGb=KOR&barcode=9788901252537,"['무료배송', '이벤트', '오늘의책', 'sam', '소득공제']","도서15,300원[10%↓ +5% 적립]|eBook10,800원","지금 주문하면내일(22일,금)도착 예정입니다",스콧갤러웨이,리스북,2021년10월05일
25,26,김초엽 장편소설,지구 끝의 온실,http://www.kyobobook.co.kr/product/detailViewKor.laf?mallGb=KOR&ejkGb=KOR&barcode=9791191824001,"['무료배송', '이벤트', '오늘의책', '소득공제']","도서13,500원[10%↓ +5% 적립]","지금 주문하면내일(22일,금)도착 예정입니다",김초엽,이언트북스,2021년08월18일
26,27,능력주의는 모두에게 같은 기회를 제공하는가,공정하다는 착각(30만 부 기념 리커버 에디션)(리커버:K),http://www.kyobobook.co.kr/product/detailViewKor.laf?mallGb=KOR&ejkGb=KOR&barcode=9791164136452,"['무료배송', '이벤트', '오늘의책', '한정판매', '소득공제']","도서16,200원[10%↓ +5% 적립]|eBook12,600원","지금 주문하면내일(22일,금)도착 예정입니다",마이클샌델,와이즈베리,2020년12월01일
27,28,지적 대화를 위한 넓고 얕은 지식,채사장의 지대넓얕. 1: 권력의 탄생(생각을 넓혀 주는 어린이 교양 도서 1),http://www.kyobobook.co.kr/product/detailViewKor.laf?mallGb=KOR&ejkGb=KOR&barcode=9791197578410,"['무료배송', '이벤트', '오늘의책', '소득공제']","도서12,600원[10%↓ +5% 적립]","지금 주문하면내일(22일,금)도착 예정입니다",채사장마케마케,돌핀북,2021년09월17일
28,29,,부자 아빠 가난한 아빠. 1(20주년 특별 기념판)(개정증보판),http://www.kyobobook.co.kr/product/detailViewKor.laf?mallGb=KOR&ejkGb=KOR&barcode=9791158883591,"['무료배송', '이벤트', 'MD의 선택', '소득공제']","도서14,220원[10%↓ +5% 적립]|eBook11,000원","지금 주문하면내일(22일,금)도착 예정입니다",로버트요사키,민음인,2018년02월22일
29,30,,그리스 로마 신화. 25: 파리스의 심판(양장본 HardCover),http://www.kyobobook.co.kr/product/detailViewKor.laf?mallGb=KOR&ejkGb=KOR&barcode=9788950971601,"['무료배송', '이벤트', 'MD의 선택', '소득공제']","도서12,600원[10%↓ +5% 적립]|eBook11,200원","지금 주문하면내일(22일,금)도착 예정입니다",박시연,아울북,2021년10월13일
30,31,일상에서 만나는 과학 상식,흔한남매의 흔한 호기심. 4,http://www.kyobobook.co.kr/product/detailViewKor.laf?mallGb=KOR&ejkGb=KOR&barcode=9791164138982,"['무료배송', '이벤트', 'MD의 선택', '소득공제']","도서11,700원[10%↓ +5% 적립]","지금 주문하면내일(22일,금)도착 예정입니다",흔한남매안치현,미래엔아이세움,2021년09월09일
31,32,,서울 자가에 대기업 다니는 김 부장 이야기. 1: 김부장 편,http://www.kyobobook.co.kr/product/detailViewKor.laf?mallGb=KOR&ejkGb=KOR&barcode=9791165343996,"['무료배송', '이벤트', '오늘의책', '소득공제']","도서13,500원[10%↓ +5% 적립]|eBook12,000원","지금 주문하면내일(22일,금)도착 예정입니다",송희구,서삼독,2021년08월25일
32,33,,흔한남매. 8(양장본 HardCover),http://www.kyobobook.co.kr/product/detailViewKor.laf?mallGb=KOR&ejkGb=KOR&barcode=9791164138197,"['무료배송', '이벤트', 'MD의 선택', '소득공제']","도서12,150원[10%↓ +5% 적립]","지금 주문하면내일(22일,금)도착 예정입니다",흔한남매(원작)백난도,미래엔아이세움,2021년07월14일
33,34,,나 혼자만 레벨업. 5(만화)(일반판)(디앤씨웹툰비즈),http://www.kyobobook.co.kr/product/detailViewKor.laf?mallGb=KOR&ejkGb=KOR&barcode=9791167770028,"['무료배송', '이벤트', '소득공제']","도서13,050원[10%↓ +5% 적립]","지금 주문하면내일(22일,금)도착 예정입니다",장성락(REDICESTUDIO)추공(원작),디앤씨웹툰비즈,2021년10월07일
34,35,부자들이 말해 주지 않는 진정한 부를 얻는 방법,부의 추월차선,http://www.kyobobook.co.kr/product/detailViewKor.laf?mallGb=KOR&ejkGb=KOR&barcode=9788994702346,"['무료배송', '이벤트', 'MD의 선택', 'sam', '소득공제']","도서13,500원[10%↓ +5% 적립]|eBook9,000원","지금 주문하면내일(22일,금)도착 예정입니다",엠제이드마코,토트,2013년08월20일
35,36,78가지 사례로 배우는  행복과 성공을 위한 연금술,하버드 지혜 수업,http://www.kyobobook.co.kr/product/detailViewKor.laf?mallGb=KOR&ejkGb=KOR&barcode=9788972773542,"['무료배송', 'sam', '소득공제']","도서14,220원[10%↓ +5% 적립]|eBook11,060원","지금 주문하면내일(22일,금)도착 예정입니다",무천강,리드리드출판,2021년10월20일
36,37,,크리스마스 피그(양장본 HardCover),http://www.kyobobook.co.kr/product/detailViewKor.laf?mallGb=KOR&ejkGb=KOR&barcode=9788983928825,"['무료배송', '이벤트', '오늘의책', '소득공제']","도서18,000원[10%↓ +5% 적립]","지금 주문하면내일(22일,금)도착 예정입니다",J.K.롤링,문학수첩,2021년10월12일
37,38,개싸움을 지적 토론의 장으로 만드는,어른의 문답법,http://www.kyobobook.co.kr/product/detailViewKor.laf?mallGb=KOR&ejkGb=KOR&barcode=9791155813966,"['무료배송', '이벤트', 'MD의 선택', '소득공제']","도서15,120원[10%↓ +5% 적립]|eBook11,900원","지금 주문하면내일(22일,금)도착 예정입니다",피터버고지언제임스린지,윌북,2021년09월10일
38,39,만복이네 떡집 4,양순이네 떡집(난 책읽기가 좋아)(양장본 HardCover),http://www.kyobobook.co.kr/product/detailViewKor.laf?mallGb=KOR&ejkGb=KOR&barcode=9788949162102,"['이벤트', 'MD의 선택', '소득공제']","도서9,900원[10%↓ +5% 적립]","지금 주문하면내일(22일,금)도착 예정입니다",김리리,비룡소,2021년08월16일
39,40,박상영 장편소설,1차원이 되고 싶어,http://www.kyobobook.co.kr/product/detailViewKor.laf?mallGb=KOR&ejkGb=KOR&barcode=9788954682749,"['무료배송', '이벤트', '오늘의책', '소득공제']","도서13,320원[10%↓ +5% 적립]","지금 주문하면내일(22일,금)도착 예정입니다",박상영,문학동네,2021년10월08일
40,41,"1년 만에 1,000명이 넘는 부린이를 청약 당첨으로 이끈 실전 노하우 대공개",아파트 청약 이렇게 쉬웠어?,http://www.kyobobook.co.kr/product/detailViewKor.laf?mallGb=KOR&ejkGb=KOR&barcode=9791187799177,"['무료배송', '이벤트', 'MD의 선택', '소득공제']","도서16,200원[10%↓ +5% 적립]","지금 주문하면내일(22일,금)도착 예정입니다",김태훈(베니아),지혜로,2021년08월20일
41,42,유발 하라리부터 조던 피터슨까지 이 시대 지성 134인과의 지적인 대화,생각을 바꾸는 생각들,http://www.kyobobook.co.kr/product/detailViewKor.laf?mallGb=KOR&ejkGb=KOR&barcode=9791191056853,"['무료배송', '이벤트', '오늘의책', 'sam', '소득공제']","도서15,750원[10%↓ +5% 적립]|eBook13,000원","지금 주문하면내일(22일,금)도착 예정입니다",비카스샤,인플루엔셜,2021년08월09일
42,43,오은영의 현실밀착 육아회화,어떻게 말해줘야 할까,http://www.kyobobook.co.kr/product/detailViewKor.laf?mallGb=KOR&ejkGb=KOR&barcode=9788934986652,"['무료배송', '이벤트', '오늘의책', '소득공제']","도서15,750원[10%↓ +5% 적립]|eBook12,300원","지금 주문하면내일(22일,금)도착 예정입니다",오은영,김영사,2020년10월25일
43,44,,전달의 법칙(단 1줄로 사로잡는),http://www.kyobobook.co.kr/product/detailViewKor.laf?mallGb=KOR&ejkGb=KOR&barcode=9791191777055,"['무료배송', '이벤트', 'sam', '소득공제']","도서12,600원[10%↓ +5% 적립]|eBook10,000원","지금 주문하면내일(22일,금)도착 예정입니다",모토하시아도,밀리언서재,2021년10월15일
44,45,마음을 온전히 느끼고 누리는 삶에 대하여,마음의 주인,http://www.kyobobook.co.kr/product/detailViewKor.laf?mallGb=KOR&ejkGb=KOR&barcode=9791195522149,"['무료배송', '이벤트', '오늘의책', '소득공제']","도서12,600원[10%↓ +5% 적립]","지금 주문하면내일(22일,금)도착 예정입니다",이주,말글터,2021년08월17일
45,46,,나의 히어로 아카데미아. 31,http://www.kyobobook.co.kr/product/detailViewKor.laf?mallGb=KOR&ejkGb=KOR&barcode=9791136743701,"['무료배송', '이벤트', 'MD의 선택', '소득공제']","도서4,500원[10%↓ +5% 적립]","지금 주문하면내일(22일,금)도착 예정입니다",KoheiHorikoshi,서울미디어코믹스(서울문화사),2021년09월30일
46,47,"일, 사랑, 관계를 기적처럼 바꾸는  말하기 비법",1시간에 끝내는 대화의 기술,http://www.kyobobook.co.kr/product/detailViewKor.laf?mallGb=KOR&ejkGb=KOR&barcode=9788972773535,"['무료배송', 'sam', '소득공제']","도서14,220원[10%↓ +5% 적립]|eBook11,060원","지금 주문하면내일(22일,금)도착 예정입니다",리상룽,리드리드출판,2021년09월24일
47,48,"디지털 지구, 경제와 투자의 기준이 바뀐다",메타버스 새로운 기회,http://www.kyobobook.co.kr/product/detailViewKor.laf?mallGb=KOR&ejkGb=KOR&barcode=9791190242868,"['무료배송', '이벤트', '오늘의책', 'sam', '소득공제']","도서16,920원[10%↓ +5% 적립]|eBook13,160원","지금 주문하면내일(22일,금)도착 예정입니다",김상균신병호,베가북스,2021년06월08일
48,49,손원평 장편소설,아몬드(양장본 HardCover),http://www.kyobobook.co.kr/product/detailViewKor.laf?mallGb=KOR&ejkGb=KOR&barcode=9788936434267,"['무료배송', '이벤트', '오늘의책', '소득공제']","도서10,800원[10%↓ +5% 적립]|eBook8,400원","지금 주문하면내일(22일,금)도착 예정입니다",손원평,창비,2017년03월31일
49,50,당신은 왜 부자가 되지 못했는가,돈의 심리학(양장본 HardCover),http://www.kyobobook.co.kr/product/detailViewKor.laf?mallGb=KOR&ejkGb=KOR&barcode=9791191056372,"['무료배송', '이벤트', '오늘의책', 'sam', '소득공제']","도서17,820원[10%↓ +5% 적립]|eBook14,800원","지금 주문하면내일(22일,금)도착 예정입니다",모건하우절,인플루엔셜,2021년01월13일
50,51,세상에서 가장 행복한 곳을 찾아 떠난 여행,행복의 지도,http://www.kyobobook.co.kr/product/detailViewKor.laf?mallGb=KOR&ejkGb=KOR&barcode=9791167740021,"['무료배송', '이벤트', '오늘의책', '소득공제']","도서16,200원[10%↓ +5% 적립]|eBook12,500원","지금 주문하면내일(22일,금)도착 예정입니다",에릭와이너,어크로스,2021년09월03일
51,52,게임의 룰을 바꾸는 사람들의 성장 법칙,언바운드,http://www.kyobobook.co.kr/product/detailViewKor.laf?mallGb=KOR&ejkGb=KOR&barcode=9791191056921,"['무료배송', '이벤트', 'MD의 선택', 'sam', '소득공제']","도서14,400원[10%↓ +5% 적립]|eBook12,000원","지금 주문하면내일(22일,금)도착 예정입니다",조용민,인플루엔셜,2021년09월01일
52,53,주제별 연상암기로 토익 영단어 30일 완성!,해커스 토익 기출 보카 TOEIC VOCA(개정판 5판),http://www.kyobobook.co.kr/product/detailViewKor.laf?mallGb=KOR&ejkGb=KOR&barcode=9788965422785,"['무료배송', '이벤트', '소득공제']","도서11,610원[10%↓ +5% 적립]","지금 주문하면내일(22일,금)도착 예정입니다",DavidCho,해커스어학연구소,2021년03월02일
53,54,3년 만에 30년 치 연봉을 번 김 과장의 시스템 마련법,월급쟁이 부자로 은퇴하라,http://www.kyobobook.co.kr/product/detailViewKor.laf?mallGb=KOR&ejkGb=KOR&barcode=9788925566511,"['무료배송', '이벤트', 'sam', '소득공제']","도서16,200원[10%↓ +5% 적립]|eBook12,600원","지금 주문하면내일(22일,금)도착 예정입니다",너나위,알에이치코리아,2019년05월22일
54,55,노리즈키 린타로 장편소설,요리코를 위해,http://www.kyobobook.co.kr/product/detailViewKor.laf?mallGb=KOR&ejkGb=KOR&barcode=9791196814342,"['무료배송', '이벤트', 'MD의 선택', 'sam', '소득공제']","도서13,500원[10%↓ +5% 적립]|eBook10,500원","지금 주문하면내일(22일,금)도착 예정입니다",노리즈키린타로,모모,2020년03월04일
55,56,친화력으로 세상을 바꾸는 인류의 진화에 관하여,다정한 것이 살아남는다(양장본 HardCover),http://www.kyobobook.co.kr/product/detailViewKor.laf?mallGb=KOR&ejkGb=KOR&barcode=9791197413025,"['무료배송', '이벤트', '오늘의책', '소득공제']","도서19,800원[10%↓ +5% 적립]|eBook17,000원","지금 주문하면내일(22일,금)도착 예정입니다",브라이언헤어버네사우즈,디플롯,2021년07월26일
56,57,손수호 변호사의 ‘진짜’ 변호사 이야기,사람이 싫다,http://www.kyobobook.co.kr/product/detailViewKor.laf?mallGb=KOR&ejkGb=KOR&barcode=9791188073801,"['무료배송', '이벤트', '오늘의책', '소득공제']","도서14,400원[10%↓ +5% 적립]","지금 주문하면내일(22일,금)도착 예정입니다",손수호,브레인스토어,2021년10월08일
57,58,영국 산업 혁명 편: 멋진 신세계,설민석의 세계사 대모험.10,http://www.kyobobook.co.kr/product/detailViewKor.laf?mallGb=KOR&ejkGb=KOR&barcode=9791191496055,"['무료배송', 'MD의 선택', '소득공제']","도서10,800원[10%↓ +5% 적립]","지금 주문하면내일(22일,금)도착 예정입니다",설민석김정욱,단꿈아이,2021년09월30일
58,59,성공률 100% 투자자의 기발한 파이프라인,나는 주식 대신 달러를 산다,http://www.kyobobook.co.kr/product/detailViewKor.laf?mallGb=KOR&ejkGb=KOR&barcode=9788925588636,"['무료배송', '이벤트', 'MD의 선택', '소득공제']","도서14,400원[10%↓ +5% 적립]|eBook11,200원","지금 주문하면내일(22일,금)도착 예정입니다",박성현,알에이치코리아,2021년05월30일
59,60,익숙한 내 삶의 패턴을 바꾸는 마음 성장 수업,모든 관계는 나에게 달려 있다,http://www.kyobobook.co.kr/product/detailViewKor.laf?mallGb=KOR&ejkGb=KOR&barcode=9791158741280,"['무료배송', 'sam', '소득공제']","도서14,220원[10%↓ +5% 적립]|eBook11,060원","지금 주문하면내일(22일,금)도착 예정입니다",황시투안,미디어숲,2021년10월10일
60,61,기분 따라 행동하다 손해 보는당신을 위한 심리 수업,기분이 태도가 되지 않게,http://www.kyobobook.co.kr/product/detailViewKor.laf?mallGb=KOR&ejkGb=KOR&barcode=9788901243658,"['무료배송', '이벤트', 'sam', '소득공제']","도서12,600원[10%↓ +5% 적립]|eBook8,820원","지금 주문하면내일(22일,금)도착 예정입니다",레몬심리,갤리온,2020년06월30일
61,62,코로나가 가속화시킨 공간 변화,공간의 미래,http://www.kyobobook.co.kr/product/detailViewKor.laf?mallGb=KOR&ejkGb=KOR&barcode=9788932474427,"['무료배송', '이벤트', '오늘의책', 'sam', '소득공제']","도서14,400원[10%↓ +5% 적립]|eBook11,200원","지금 주문하면내일(22일,금)도착 예정입니다",유현준,을유문화사,2021년04월25일
62,63,아이의 정서와 인지 발달을 키우는 결정적 시기,4~7세보다 중요한 시기는 없습니다,http://www.kyobobook.co.kr/product/detailViewKor.laf?mallGb=KOR&ejkGb=KOR&barcode=9791190776820,"['무료배송', '이벤트', '오늘의책', 'sam', '소득공제']","도서14,400원[10%↓ +5% 적립]|eBook11,200원","지금 주문하면내일(22일,금)도착 예정입니다",이임숙,카시오페아,2021년08월02일
63,64,,오늘은 이만 좀 쉴게요(10만 부 기념 스페셜 에디션),http://www.kyobobook.co.kr/product/detailViewKor.laf?mallGb=KOR&ejkGb=KOR&barcode=9791191043181,"['무료배송', '이벤트', 'sam', '소득공제']","도서12,600원[10%↓ +5% 적립]|eBook9,800원","지금 주문하면내일(22일,금)도착 예정입니다",손힘찬(오가타마리토),스튜디오오드리,2021년03월10일
64,65,,흔한남매 과학 탐험대. 2: 지구와 달(양장본 HardCover),http://www.kyobobook.co.kr/product/detailViewKor.laf?mallGb=KOR&ejkGb=KOR&barcode=9788934980254,"['무료배송', '이벤트', 'MD의 선택', '소득공제']","도서11,520원[10%↓ +5% 적립]","지금 주문하면내일(22일,금)도착 예정입니다",흔한남매(원작)이재국이현진,주니어김영사,2021년08월27일
65,66,넘겨짚지 않고 현실을 직시하는 71가지 통찰,숫자는 어떻게 진실을 말하는가(양장본 HardCover),http://www.kyobobook.co.kr/product/detailViewKor.laf?mallGb=KOR&ejkGb=KOR&barcode=9788934944218,"['무료배송', '이벤트', '오늘의책', '소득공제']","도서17,010원[10%↓ +5% 적립]|eBook13,250원","지금 주문하면내일(22일,금)도착 예정입니다",바츨라프스밀,김영사,2021년09월16일
66,67,탈출 미션 스토리북,흔한남매 별난 방탈출. 3(양장본 HardCover),http://www.kyobobook.co.kr/product/detailViewKor.laf?mallGb=KOR&ejkGb=KOR&barcode=9791164138715,"['무료배송', '이벤트', 'MD의 선택', '소득공제']","도서11,520원[10%↓ +5% 적립]","지금 주문하면내일(22일,금)도착 예정입니다",흔한남매(원작)김언정,미래엔아이세움,2021년08월25일
67,68,부와 자유를 꿈꾸는 직장인을 위한 주식투자의 정석,하면 된다! 퀀트 투자(파이어족 강환국의),http://www.kyobobook.co.kr/product/detailViewKor.laf?mallGb=KOR&ejkGb=KOR&barcode=9791188754489,"['무료배송', '이벤트', 'sam', '소득공제']","도서16,830원[10%↓ +5% 적립]|eBook11,700원","지금 주문하면내일(22일,금)도착 예정입니다",강환국,에프엔미디어,2021년09월15일
68,69,1등 펀드매니저처럼 생각하고 투자하는 법,시대의 1등주를 찾아라,http://www.kyobobook.co.kr/product/detailViewKor.laf?mallGb=KOR&ejkGb=KOR&barcode=9791190977371,"['무료배송', '이벤트', 'MD의 선택', 'sam', '소득공제']","도서14,400원[10%↓ +5% 적립]|eBook11,000원","지금 주문하면내일(22일,금)도착 예정입니다",이한영,페이지2북스,2021년09월03일
69,70,최은영 첫 장편소설,밝은 밤,http://www.kyobobook.co.kr/product/detailViewKor.laf?mallGb=KOR&ejkGb=KOR&barcode=9788954681179,"['무료배송', '이벤트', '오늘의책', '소득공제']","도서13,050원[10%↓ +5% 적립]|eBook10,200원","지금 주문하면내일(22일,금)도착 예정입니다",최은영,문학동네,2021년07월27일
70,71,,숲속 100층짜리 집,http://www.kyobobook.co.kr/product/detailViewKor.laf?mallGb=KOR&ejkGb=KOR&barcode=9788966351411,"['무료배송', '이벤트', 'MD의 선택', '소득공제']","도서11,700원[10%↓ +5% 적립]","지금 주문하면내일(22일,금)도착 예정입니다",이와이도시오,북뱅크,2021년08월25일
71,72,,소문,http://www.kyobobook.co.kr/product/detailViewKor.laf?mallGb=KOR&ejkGb=KOR&barcode=9791191043419,"['무료배송', '이벤트', 'MD의 선택', '소득공제']","도서14,850원[10%↓ +5% 적립]","지금 주문하면내일(22일,금)도착 예정입니다",오와라히로시,모모,2021년09월26일
72,73,,데일 카네기 인간관계론,http://www.kyobobook.co.kr/product/detailViewKor.laf?mallGb=KOR&ejkGb=KOR&barcode=9791187142560,"['무료배송', '이벤트', 'MD의 선택', '소득공제']","도서10,350원[10%↓ +5% 적립]|eBook5,500원","지금 주문하면내일(22일,금)도착 예정입니다",데일카네,현대지성,2019년10월07일
73,74,,나의 첫 주식 교과서(강방천&존리와 함께하는),http://www.kyobobook.co.kr/product/detailViewKor.laf?mallGb=KOR&ejkGb=KOR&barcode=9791190977326,"['무료배송', '이벤트', '오늘의책', 'sam', '소득공제']","도서14,850원[10%↓ +5% 적립]|eBook11,500원","지금 주문하면내일(22일,금)도착 예정입니다",강방천존리,페이지2북스,2021년07월21일
74,75,뇌과학과 인지심리학으로 풀어낸 마음의 재해석,생각한다는 착각,http://www.kyobobook.co.kr/product/detailViewKor.laf?mallGb=KOR&ejkGb=KOR&barcode=9791190313995,"['무료배송', '이벤트', '오늘의책', '소득공제']","도서14,400원[10%↓ +5% 적립]","지금 주문하면내일(22일,금)도착 예정입니다",닉채터,웨일북(whalebooks),2021년09월30일
75,76,나태주 시집,꽃을 보듯 너를 본다(J.H CLASSIC 2)(양장본 HardCover),http://www.kyobobook.co.kr/product/detailViewKor.laf?mallGb=KOR&ejkGb=KOR&barcode=9791157280292,"['이벤트', '소득공제']","도서9,000원[10%↓ +5% 적립]","지금 주문하면내일(22일,금)도착 예정입니다",나태주,지혜,2020년11월30일
76,77,,정재승의 인간탐구보고서. 7: 인간은 타고난 거짓말쟁이다(어린이를 위한 뇌과학 프로젝트),http://www.kyobobook.co.kr/product/detailViewKor.laf?mallGb=KOR&ejkGb=KOR&barcode=9788950983130,"['무료배송', '이벤트', 'MD의 선택', '소득공제']","도서12,600원[10%↓ +5% 적립]","지금 주문하면내일(22일,금)도착 예정입니다",정재은이고은정재승(획),아울북,2021년09월08일
77,78,,바른연애 길잡이 외전,http://www.kyobobook.co.kr/product/detailViewKor.laf?mallGb=KOR&ejkGb=KOR&barcode=9791167790118,['소득공제'],"도서8,100원[10%↓ +5% 적립]","지금 주문하면내일(22일,금)도착 예정입니다",남수,영컴,2021년10월06일
78,79,,타이탄의 도구들(리커버 에디션),http://www.kyobobook.co.kr/product/detailViewKor.laf?mallGb=KOR&ejkGb=KOR&barcode=9791158510619,"['무료배송', '이벤트', '오늘의책', 'sam', '소득공제']","도서13,500원[10%↓ +5% 적립]|eBook10,500원","지금 주문하면내일(22일,금)도착 예정입니다",팀페리스,토네이도,2020년03월09일
79,80,,빅 컨버세이션: 대담한 대담,http://www.kyobobook.co.kr/product/detailViewKor.laf?mallGb=KOR&ejkGb=KOR&barcode=9791165795399,"['무료배송', 'MD의 선택', '소득공제']","도서17,100원[10%↓ +5% 적립]|eBook13,000원","지금 주문하면내일(22일,금)도착 예정입니다",황창규,시공사,2021년04월26일
80,81,"라틴어 수업, 두 번째 시간",믿는 인간에 대하여,http://www.kyobobook.co.kr/product/detailViewKor.laf?mallGb=KOR&ejkGb=KOR&barcode=9788965964674,"['무료배송', '이벤트', '오늘의책', 'sam', '소득공제']","도서14,400원[10%↓ +5% 적립]|eBook12,800원","지금 주문하면내일(22일,금)도착 예정입니다",한동일,흐름출판,2021년09월30일
81,82,,읽으면서 바로 써먹는 어린이 신체 관용구(맛있는공부 43),http://www.kyobobook.co.kr/product/detailViewKor.laf?mallGb=KOR&ejkGb=KOR&barcode=9791158681999,"['무료배송', '이벤트', 'MD의 선택', '소득공제']","도서10,800원[10%↓ +5% 적립]","지금 주문하면내일(22일,금)도착 예정입니다",한날,파란정원,2021년08월25일
82,83,자연 생물 관찰 만화,에그박사. 4(양장본 HardCover),http://www.kyobobook.co.kr/product/detailViewKor.laf?mallGb=KOR&ejkGb=KOR&barcode=9791164138425,"['무료배송', 'MD의 선택', '소득공제']","도서12,150원[10%↓ +5% 적립]","지금 주문하면내일(22일,금)도착 예정입니다",에그박사(원작)박송이,미래엔아이세움,2021년08월05일
83,84,원자폭탄에서 비트코인까지 세상을 바꾼 절대 공식,공식의 아름다움(양장본 HardCover),http://www.kyobobook.co.kr/product/detailViewKor.laf?mallGb=KOR&ejkGb=KOR&barcode=9791158741297,"['무료배송', '이벤트', 'MD의 선택', 'sam', '소득공제']","도서22,320원[10%↓ +5% 적립]|eBook17,360원","지금 주문하면내일(22일,금)도착 예정입니다",양학파,미디어숲,2021년11월10일
84,85,,나는 나답게 살기로 했다,http://www.kyobobook.co.kr/product/detailViewKor.laf?mallGb=KOR&ejkGb=KOR&barcode=9791191043150,"['무료배송', 'MD의 선택', 'sam', '소득공제']","도서12,150원[10%↓ +5% 적립]|eBook9,450원","지금 주문하면내일(22일,금)도착 예정입니다",손힘찬,스튜디오오드리,2021년02월08일
85,86,돈의 흐름을 읽는 눈,돈의 역사는 되풀이된다,http://www.kyobobook.co.kr/product/detailViewKor.laf?mallGb=KOR&ejkGb=KOR&barcode=9791191393163,"['무료배송', '이벤트', '오늘의책', 'sam', '소득공제']","도서14,400원[10%↓ +5% 적립]|eBook11,200원","지금 주문하면내일(22일,금)도착 예정입니다",홍춘욱,포르체,2021년06월16일
86,87,믿거나 말거나 나에게 어울리는 직업,흔한남매 흔한 MBTI(양장본 HardCover),http://www.kyobobook.co.kr/product/detailViewKor.laf?mallGb=KOR&ejkGb=KOR&barcode=9791136273796,"['무료배송', '이벤트', 'MD의 선택', '소득공제']","도서11,700원[10%↓ +5% 적립]","지금 주문하면내일(22일,금)도착 예정입니다",흔한남매(원작)김승정미화,대원키즈,2021년09월01일
87,88,,외계인 인터뷰,http://www.kyobobook.co.kr/product/detailViewKor.laf?mallGb=KOR&ejkGb=KOR&barcode=9788996671022,"['무료배송', '이벤트', '소득공제']","도서16,200원[10%↓ +5% 적립]","지금 주문하면내일(22일,금)도착 예정입니다",로렌스R.스펜서(편),아이커넥,2013년10월31일
88,89,내 안의 잠재력을 200% 끌어올리는 마인드셋,마지막 몰입: 나를 넘어서는 힘,http://www.kyobobook.co.kr/product/detailViewKor.laf?mallGb=KOR&ejkGb=KOR&barcode=9791162541968,"['무료배송', '이벤트', '오늘의책', '소득공제']","도서15,120원[10%↓ +5% 적립]|eBook11,760원","지금 주문하면내일(22일,금)도착 예정입니다",짐퀵,비즈니스북스,2021년02월23일
89,90,"실력도 기술도 사람 됨됨이도, 기본을 지키는 손웅정의 삶의 철학",모든 것은 기본에서 시작한다,http://www.kyobobook.co.kr/product/detailViewKor.laf?mallGb=KOR&ejkGb=KOR&barcode=9791190382502,"['무료배송', '이벤트', 'MD의 선택', '소득공제']","도서14,400원[10%↓ +5% 적립]","지금 주문하면내일(22일,금)도착 예정입니다",손웅정,수오서재,2021년10월15일
90,91,"인공지능 시대,돈은 어떤 모습으로 다가오는가",미래의 부(양장본 HardCover),http://www.kyobobook.co.kr/product/detailViewKor.laf?mallGb=KOR&ejkGb=KOR&barcode=9791191360196,"['무료배송', '이벤트', 'MD의 선택', 'sam', '소득공제']","도서15,300원[10%↓ +5% 적립]|eBook11,900원","지금 주문하면내일(22일,금)도착 예정입니다",이지성,차이정원,2021년07월26일
91,92,공부의 기초체력을 키워주는 힘,EBS 당신의 문해력(EBS 부모교육),http://www.kyobobook.co.kr/product/detailViewKor.laf?mallGb=KOR&ejkGb=KOR&barcode=9788954759335,"['무료배송', '이벤트', '오늘의책', '소득공제']","도서15,300원[10%↓ +5% 적립]","지금 주문하면내일(22일,금)도착 예정입니다",김윤정,EBSBOOKS,2021년08월20일
92,93,제21회 문학동네어린이문학상 대상,긴긴밤(보름달문고 83),http://www.kyobobook.co.kr/product/detailViewKor.laf?mallGb=KOR&ejkGb=KOR&barcode=9788954677158,"['무료배송', '이벤트', '오늘의책', '소득공제']","도서10,350원[10%↓ +5% 적립]|eBook8,100원","지금 주문하면내일(22일,금)도착 예정입니다",루리,문학동네어린이,2021년02월03일
93,94,유해한 것들 속에서 나를 가꾸는 셀프가드닝 프로젝트,나라는 식물을 키워보기로 했다,http://www.kyobobook.co.kr/product/detailViewKor.laf?mallGb=KOR&ejkGb=KOR&barcode=9788968333255,"['무료배송', '이벤트', '오늘의책', 'sam', '소득공제']","도서13,500원[10%↓ +5% 적립]|eBook10,500원","지금 주문하면내일(22일,금)도착 예정입니다",김은주,허밍버드,2021년07월23일
94,95,25년간 세계 최고의 인재들과 일하며 배운 것들,생각이 너무 많은 서른 살에게,http://www.kyobobook.co.kr/product/detailViewKor.laf?mallGb=KOR&ejkGb=KOR&barcode=9791190538329,"['무료배송', '이벤트', 'MD의 선택', 'sam', '소득공제']","도서14,400원[10%↓ +5% 적립]|eBook11,000원","지금 주문하면내일(22일,금)도착 예정입니다",김은주,메이븐,2021년06월10일
95,96,양귀자 장편소설,모순(양장본 HardCover),http://www.kyobobook.co.kr/product/detailViewKor.laf?mallGb=KOR&ejkGb=KOR&barcode=9788998441012,"['무료배송', '이벤트', 'MD의 선택', '소득공제']","도서11,700원[10%↓ +5% 적립]","지금 주문하면내일(22일,금)도착 예정입니다",양귀,쓰다,2013년04월01일
96,97,돈을 통제하라 그리고 원하는 삶을 살아라,더 보스(The Boss),http://www.kyobobook.co.kr/product/detailViewKor.laf?mallGb=KOR&ejkGb=KOR&barcode=9791197080821,"['무료배송', '소득공제']","도서13,950원[10%↓ +5% 적립]","지금 주문하면내일(22일,금)도착 예정입니다",안규호,떠오름,2021년05월17일
97,98,주식투자에서 상식으로 성공하는 법,월가의 영웅(전설로 떠나는)(3판)(양장본 HardCover),http://www.kyobobook.co.kr/product/detailViewKor.laf?mallGb=KOR&ejkGb=KOR&barcode=9788957825945,"['무료배송', '이벤트', 'MD의 선택', '소득공제']","도서23,400원[10%↓ +5% 적립]|eBook18,200원","지금 주문하면내일(22일,금)도착 예정입니다",피터린치존로스차일드,국일증권경제연구소,2021년07월30일
98,99,감정 기복이 심한 당신에게 필요한 기분 수업,기분이 태도가 되지 않으려면,http://www.kyobobook.co.kr/product/detailViewKor.laf?mallGb=KOR&ejkGb=KOR&barcode=9791197080845,"['무료배송', 'MD의 선택', '소득공제']","도서12,150원[10%↓ +5% 적립]","지금 주문하면내일(22일,금)도착 예정입니다",나겨울,떠오름,2021년08월30일
99,100,50일 영어낭독으로 원어민 되기,EEA: English for Everyday Activities(한글판)(개정판 3판),http://www.kyobobook.co.kr/product/detailViewKor.laf?mallGb=KOR&ejkGb=KOR&barcode=9791162371732,"['무료배송', '이벤트', 'sam', '소득공제']","도서12,600원[10%↓ +5% 적립]|eBook12,000원","지금 주문하면내일(22일,금)도착 예정입니다",LawrenceJ.Zwier,웅진컴퍼스,2020년12월17일
100,101,불확실성을 기회로 만드는 4가지 투자전략,부의 시나리오,http://www.kyobobook.co.kr/product/detailViewKor.laf?mallGb=KOR&ejkGb=KOR&barcode=9791190977265,"['무료배송', '오늘의책', 'sam', '소득공제']","도서16,200원[10%↓ +5% 적립]|eBook13,000원","지금 주문하면내일(22일,금)도착 예정입니다",오건영,페이지2북스,2021년06월07일
101,102,처음 만나는 세상의 규칙,나는 약속을 지켜요,http://www.kyobobook.co.kr/product/detailViewKor.laf?mallGb=KOR&ejkGb=KOR&barcode=9791197419102,"['무료배송', '이벤트', '오늘의책', '소득공제']","도서13,500원[10%↓ +5% 적립]","지금 주문하면내일(22일,금)도착 예정입니다",다카하마마사노부,피카주니어(FIKAJUNIOR),2021년08월18일
102,103,오르세 미술관,방구석 미술관,http://www.kyobobook.co.kr/product/detailViewKor.laf?mallGb=KOR&ejkGb=KOR&barcode=9788968331862,"['무료배송', '이벤트', '오늘의책', 'sam', '소득공제']","도서15,120원[10%↓ +5% 적립]|eBook11,000원","지금 주문하면내일(22일,금)도착 예정입니다",조원재,블랙피쉬,2018년08월03일
103,104,내 삶을 바꾸는 오늘의 철학 연구소,필로소피 랩,http://www.kyobobook.co.kr/product/detailViewKor.laf?mallGb=KOR&ejkGb=KOR&barcode=9791155814116,"['무료배송', '이벤트', '오늘의책', '소득공제']","도서15,120원[10%↓ +5% 적립]","지금 주문하면내일(22일,금)도착 예정입니다",조니톰슨,윌북,2021년10월20일
104,105,세계 역사 문화 체험 학습만화,Go Go 카카오프렌즈. 21: 캐나다,http://www.kyobobook.co.kr/product/detailViewKor.laf?mallGb=KOR&ejkGb=KOR&barcode=9788950996604,"['무료배송', '이벤트', 'MD의 선택', '소득공제']","도서10,800원[10%↓ +5% 적립]","지금 주문하면내일(22일,금)도착 예정입니다",김미영,아울북,2021년08월25일
105,106,이꽃님 장편소설,세계를 건너 너에게 갈게(10만부 기념 특별판),http://www.kyobobook.co.kr/product/detailViewKor.laf?mallGb=KOR&ejkGb=KOR&barcode=9788954650212,"['무료배송', '이벤트', '오늘의책', '소득공제']","도서10,350원[10%↓ +5% 적립]|eBook8,100원","지금 주문하면내일(22일,금)도착 예정입니다",이꽃님,문학동네,2021년09월24일
106,107,림태주 에세이,너의 말이 좋아서 밑줄을 그었다,http://www.kyobobook.co.kr/product/detailViewKor.laf?mallGb=KOR&ejkGb=KOR&barcode=9788901253060,"['무료배송', '이벤트', '오늘의책', 'sam', '소득공제']","도서13,500원[10%↓ +5% 적립]|eBook9,450원",지금 주문하면10월 23일 출고 예정입니다,림태주,웅진지식하우스,2021년10월15일
107,108,비일상 미스터리 그래픽 노블,SCP 재단: 확보하고 격리하고 보호하라,http://www.kyobobook.co.kr/product/detailViewKor.laf?mallGb=KOR&ejkGb=KOR&barcode=9791191156256,"['무료배송', '이벤트', '소득공제']","도서10,800원[10%↓ +5% 적립]","지금 주문하면내일(22일,금)도착 예정입니다",올드스테어즈편집부,Oldstairs(올드스테어즈),2021년07월25일
108,109,지금 당신이 가장 뜨겁게 물어야 할 첫 번째 질문,왜 일하는가(양장본 HardCover),http://www.kyobobook.co.kr/product/detailViewKor.laf?mallGb=KOR&ejkGb=KOR&barcode=9791130637037,"['무료배송', '이벤트', 'MD의 선택', 'sam', '소득공제']","도서14,400원[10%↓ +5% 적립]|eBook11,200원","지금 주문하면내일(22일,금)도착 예정입니다",이나모리가즈오,다산북스,2021년04월12일
109,110,김소영 에세이,어린이라는 세계,http://www.kyobobook.co.kr/product/detailViewKor.laf?mallGb=KOR&ejkGb=KOR&barcode=9791160946918,"['무료배송', '이벤트', '오늘의책', '소득공제']","도서13,500원[10%↓ +5% 적립]|eBook10,500원",지금 주문하면10월 22일 출고 예정입니다,김소영,사계절,2020년11월16일
110,111,오늘의 선택이 미래의 부를 결정한다,부의 시그널,http://www.kyobobook.co.kr/product/detailViewKor.laf?mallGb=KOR&ejkGb=KOR&barcode=9791190242899,"['무료배송', '이벤트', '오늘의책', '소득공제']","도서16,920원[10%↓ +5% 적립]","지금 주문하면내일(22일,금)도착 예정입니다",박종훈,베가북스,2021년09월27일
111,112,,원피스. 99: 밀짚모자 루피,http://www.kyobobook.co.kr/product/detailViewKor.laf?mallGb=KOR&ejkGb=KOR&barcode=9791136280152,"['무료배송', '이벤트', '소득공제']","도서4,500원[10%↓ +5% 적립]","지금 주문하면내일(22일,금)도착 예정입니다",EiichiroOda,대원씨아이,2021년08월13일
112,113,,수상한 방송실(북멘토 가치동화 44),http://www.kyobobook.co.kr/product/detailViewKor.laf?mallGb=KOR&ejkGb=KOR&barcode=9788963194332,"['무료배송', '이벤트', 'MD의 선택', '소득공제']","도서10,350원[10%↓ +5% 적립]","지금 주문하면내일(22일,금)도착 예정입니다",박현숙,북멘토,2021년09월30일
113,114,복잡한 세상을 푸는 단순하고 강력한 도구,미적분의 힘,http://www.kyobobook.co.kr/product/detailViewKor.laf?mallGb=KOR&ejkGb=KOR&barcode=9791164051335,"['무료배송', '이벤트', '오늘의책', '소득공제']","도서18,000원[10%↓ +5% 적립]","지금 주문하면내일(22일,금)도착 예정입니다",스티븐스트로가츠,해나무,2021년09월24일
114,115,,잘했고 잘하고 있고 잘 될 것이다,http://www.kyobobook.co.kr/product/detailViewKor.laf?mallGb=KOR&ejkGb=KOR&barcode=9791162143605,"['무료배송', '이벤트', '오늘의책', 'sam', '소득공제']","도서13,500원[10%↓ +5% 적립]|eBook10,500원","지금 주문하면내일(22일,금)도착 예정입니다",정영욱,부크럼,2021년05월14일
115,116,김초엽 소설,우리가 빛의 속도로 갈 수 없다면(양장본 HardCover),http://www.kyobobook.co.kr/product/detailViewKor.laf?mallGb=KOR&ejkGb=KOR&barcode=9791190090018,"['무료배송', '이벤트', '오늘의책', 'sam', '소득공제']","도서12,600원[10%↓ +5% 적립]|eBook8,400원","지금 주문하면내일(22일,금)도착 예정입니다",김초엽,허블,2019년06월24일
116,117,양희은 에세이,그러라 그래(양장본 HardCover),http://www.kyobobook.co.kr/product/detailViewKor.laf?mallGb=KOR&ejkGb=KOR&barcode=9788934984979,"['무료배송', '이벤트', '오늘의책', 'sam', '소득공제']","도서13,050원[10%↓ +5% 적립]|eBook10,000원","지금 주문하면내일(22일,금)도착 예정입니다",양희은,김영사,2021년04월12일
117,118,초등 국어 고수 되기 프로젝트,흔한남매 불꽃 튀는 우리말. 3,http://www.kyobobook.co.kr/product/detailViewKor.laf?mallGb=KOR&ejkGb=KOR&barcode=9791130640280,"['무료배송', '이벤트', 'MD의 선택', '소득공제']","도서11,700원[10%↓ +5% 적립]","지금 주문하면내일(22일,금)도착 예정입니다",흔한남매(원작)한은호,다산어린이,2021년08월26일
118,119,유인원에서 사이보그까지 인간 역사의 대담하고 위대한 질문,사피엔스,http://www.kyobobook.co.kr/product/detailViewKor.laf?mallGb=KOR&ejkGb=KOR&barcode=9788934972464,"['무료배송', '이벤트', '오늘의책', '소득공제']","도서19,800원[10%↓ +5% 적립]|eBook14,400원","지금 주문하면내일(22일,금)도착 예정입니다",유발하라리,김영사,2015년11월24일
119,120,어린이를 위한 경제 교육 동화,세금 내는 아이들,http://www.kyobobook.co.kr/product/detailViewKor.laf?mallGb=KOR&ejkGb=KOR&barcode=9788947547260,"['무료배송', '이벤트', '오늘의책', 'sam', '소득공제']","도서12,600원[10%↓ +5% 적립]|eBook11,200원","지금 주문하면내일(22일,금)도착 예정입니다",옥효진,한국경제신문,2021년06월15일
120,121,본격 가족 명랑 시트콤 만화,말이야와 친구들. 3(양장본 HardCover),http://www.kyobobook.co.kr/product/detailViewKor.laf?mallGb=KOR&ejkGb=KOR&barcode=9788934911036,"['무료배송', '이벤트', '소득공제']","도서11,250원[10%↓ +5% 적립]","지금 주문하면내일(22일,금)도착 예정입니다",말이야와친구들(원작)김정욱,주니어김영사,2021년09월30일
121,122,그게 뭔 말이야! 한심해,급식왕 GO. 4(양장본 HardCover),http://www.kyobobook.co.kr/product/detailViewKor.laf?mallGb=KOR&ejkGb=KOR&barcode=9788950992187,"['무료배송', '이벤트', '소득공제']","도서10,800원[10%↓ +5% 적립]|eBook9,600원","지금 주문하면내일(22일,금)도착 예정입니다",급식왕(원작)최재연,아울북,2021년09월08일
122,123,,코스모스(보급판),http://www.kyobobook.co.kr/product/detailViewKor.laf?mallGb=KOR&ejkGb=KOR&barcode=9788983711892,"['무료배송', '이벤트', 'MD의 선택', '소득공제']","도서16,650원[10%↓ +5% 적립]|eBook14,800원","지금 주문하면내일(22일,금)도착 예정입니다",칼세이건,사이언스북스,2010년01월20일
123,124,무기 병균 금속은 인류의 운명을 어떻게 바꿨는가,총 균 쇠,http://www.kyobobook.co.kr/product/detailViewKor.laf?mallGb=KOR&ejkGb=KOR&barcode=9788970127248,"['무료배송', '이벤트', 'MD의 선택', '소득공제']","도서25,200원[10%↓ +5% 적립]","지금 주문하면내일(22일,금)도착 예정입니다",재레드다이아몬드,문학사상,2005년12월19일
124,125,,데일 카네기 자기관리론(1948년 초판 완역본),http://www.kyobobook.co.kr/product/detailViewKor.laf?mallGb=KOR&ejkGb=KOR&barcode=9791191280333,"['무료배송', '이벤트', 'MD의 선택', '소득공제']","도서10,350원[10%↓ +5% 적립]|eBook5,500원","지금 주문하면내일(22일,금)도착 예정입니다",데일카네,현대지성,2021년01월13일
125,126,황정은 에세이,일기,http://www.kyobobook.co.kr/product/detailViewKor.laf?mallGb=KOR&ejkGb=KOR&barcode=9788936438586,"['무료배송', '이벤트', '오늘의책', '소득공제']","도서12,600원[10%↓ +5% 적립]|eBook9,800원","지금 주문하면내일(22일,금)도착 예정입니다",황정은,창비,2021년10월18일
126,127,설득할 필요도 없고 설득할 수도 없다,불편한 사람과 뻔뻔하게 대화하는 법,http://www.kyobobook.co.kr/product/detailViewKor.laf?mallGb=KOR&ejkGb=KOR&barcode=9791188469833,"['무료배송', 'sam', '소득공제']","도서13,500원[10%↓ +5% 적립]|eBook10,500원","지금 주문하면내일(22일,금)도착 예정입니다",진마티넷,필름(Feelm),2021년09월15일
127,128,자식에게 기대던 시대에서 셀프부양의 시대로,오십부터는 노후 걱정 없이 살아야 한다,http://www.kyobobook.co.kr/product/detailViewKor.laf?mallGb=KOR&ejkGb=KOR&barcode=9791191347418,"['무료배송', '이벤트', 'MD의 선택', 'sam', '소득공제']","도서14,400원[10%↓ +5% 적립]|eBook11,000원","지금 주문하면내일(22일,금)도착 예정입니다",강창희고재량,포레스트북스,2021년09월13일
128,129,"금리, 차트, 재무제표 등 어려운 숫자는 NO!",소수몽키의 한 권으로 끝내는 미국주식,http://www.kyobobook.co.kr/product/detailViewKor.laf?mallGb=KOR&ejkGb=KOR&barcode=9791165214975,"['무료배송', '이벤트', 'MD의 선택', '소득공제']","도서18,000원[10%↓ +5% 적립]|eBook14,000원","지금 주문하면내일(22일,금)도착 예정입니다",소수몽키(홍승초),길벗,2021년03월24일
129,130,,아메리카노 엑소더스. 11,http://www.kyobobook.co.kr/product/detailViewKor.laf?mallGb=KOR&ejkGb=KOR&barcode=9791189544225,"['무료배송', '이벤트', 'MD의 선택', '소득공제']","도서10,620원[10%↓ +5% 적립]","지금 주문하면내일(22일,금)도착 예정입니다",박지은,소란북스,2021년10월01일
130,131,,이기적 유전자(40주년 기념판),http://www.kyobobook.co.kr/product/detailViewKor.laf?mallGb=KOR&ejkGb=KOR&barcode=9788932473901,"['무료배송', '이벤트', '오늘의책', 'sam', '소득공제']","도서18,000원[10%↓ +5% 적립]|eBook14,000원","지금 주문하면내일(22일,금)도착 예정입니다",리처드도킨스,을유문화사,2018년10월20일
131,132,,"오케팅: 누구나 5% 부자가 되는 전략, 디지털 노마드를 위한 퍼스널브랜딩 마케팅 책",http://www.kyobobook.co.kr/product/detailViewKor.laf?mallGb=KOR&ejkGb=KOR&barcode=9791197220586,"['무료배송', '소득공제']","도서11,700원[10%↓ +5% 적립]|eBook9,900원","지금 주문하면내일(22일,금)도착 예정입니다",오두환,대한출판사,2021년07월01일
132,133,현실과 메타버스를 넘나드는 새로운 경제 생태계의 탄생,NFT 레볼루션,http://www.kyobobook.co.kr/product/detailViewKor.laf?mallGb=KOR&ejkGb=KOR&barcode=9791165216603,"['무료배송', '이벤트', '오늘의책', '소득공제']","도서16,200원[10%↓ +5% 적립]|eBook12,600원","지금 주문하면내일(22일,금)도착 예정입니다",성소라롤프회퍼스콧맥러플린,퀘스트,2021년09월01일
133,134,,포켓몬스터 가라르 도감,http://www.kyobobook.co.kr/product/detailViewKor.laf?mallGb=KOR&ejkGb=KOR&barcode=9791136272690,"['무료배송', '소득공제']","도서10,800원[10%↓ +5% 적립]","지금 주문하면내일(22일,금)도착 예정입니다",대원키즈편집부,대원키즈,2021년05월20일
134,135,세상을 움직이는 권력과 힘에 관한 최고의 안내서,권력의 원리,http://www.kyobobook.co.kr/product/detailViewKor.laf?mallGb=KOR&ejkGb=KOR&barcode=9791135469039,"['무료배송', 'MD의 선택', '소득공제']","도서16,920원[10%↓ +5% 적립]|eBook13,000원","지금 주문하면내일(22일,금)도착 예정입니다",줄리바틸라나티치아나카시아로,로크미디어,2021년10월13일
135,136,벤저민 그레이엄 직접 쓴 마지막 개정판,현명한 투자자(개정판 4판),http://www.kyobobook.co.kr/product/detailViewKor.laf?mallGb=KOR&ejkGb=KOR&barcode=9788957821305,"['무료배송', 'MD의 선택', '소득공제']","도서20,700원[10%↓ +5% 적립]|eBook16,100원","지금 주문하면내일(22일,금)도착 예정입니다",벤민그레이엄,국일증권경제연구소,2020년05월26일
136,137,스포츠 영양사 우수의 영양학 기초 트레이닝,피톨로지 피트니스 영양학,http://www.kyobobook.co.kr/product/detailViewKor.laf?mallGb=KOR&ejkGb=KOR&barcode=9788970016214,"['무료배송', '이벤트', '오늘의책', '소득공제']","도서13,500원[10%↓ +5% 적립]|eBook11,000원","지금 주문하면내일(22일,금)도착 예정입니다",이호욱정람,예문당,2021년09월23일
137,138,"토익 리딩의 기본서, 문법/독해/어휘에서 실전까지",해커스 토익 RC 리딩(Reading)(개정판 8판),http://www.kyobobook.co.kr/product/detailViewKor.laf?mallGb=KOR&ejkGb=KOR&barcode=9788965423348,"['무료배송', '이벤트', '소득공제']","도서16,920원[10%↓ +5% 적립]","지금 주문하면내일(22일,금)도착 예정입니다",DavidCho,해커스어학연구소,2021년07월12일
138,139,제9회 문학동네청소년문학상 대상 수상작,체리새우: 비밀글입니다(문학동네청소년 42),http://www.kyobobook.co.kr/product/detailViewKor.laf?mallGb=KOR&ejkGb=KOR&barcode=9788954654753,"['무료배송', '이벤트', '오늘의책', '소득공제']","도서10,350원[10%↓ +5% 적립]|eBook8,100원","지금 주문하면내일(22일,금)도착 예정입니다",황영미,문학동네,2019년01월28일
139,140,최상위로 올라가는 7가지 투자 습관,나는 투자로 30년을 벌었다,http://www.kyobobook.co.kr/product/detailViewKor.laf?mallGb=KOR&ejkGb=KOR&barcode=9791158512248,"['무료배송', '이벤트', 'MD의 선택', '소득공제']","도서15,120원[10%↓ +5% 적립]|eBook13,500원","지금 주문하면내일(22일,금)도착 예정입니다",한정수,토네이도,2021년09월21일
140,141,공부에 지친 청소년들을 위한 힐링 에세이,이토록 공부가 재미있어지는 순간(30만 부 기념 양장 한정판 매직 에디션)(양장본 HardCover),http://www.kyobobook.co.kr/product/detailViewKor.laf?mallGb=KOR&ejkGb=KOR&barcode=9791130604626,"['무료배송', '이벤트', '오늘의책', '소득공제']","도서13,500원[10%↓ +5% 적립]","지금 주문하면내일(22일,금)도착 예정입니다",박성혁,다산북스,2020년07월27일
141,142,,이상한 과자 가게 전천당. 11(양장본 HardCover),http://www.kyobobook.co.kr/product/detailViewKor.laf?mallGb=KOR&ejkGb=KOR&barcode=9791164063734,"['무료배송', 'MD의 선택', '소득공제']","도서10,800원[10%↓ +5% 적립]|eBook9,600원","지금 주문하면내일(22일,금)도착 예정입니다",히로시마레이코,길벗스쿨,2021년07월12일
142,143,"디지털 지구, 뜨는 것들의 세상",메타버스,http://www.kyobobook.co.kr/product/detailViewKor.laf?mallGb=KOR&ejkGb=KOR&barcode=9791189580575,"['무료배송', '이벤트', 'MD의 선택', 'sam', '소득공제']","도서15,300원[10%↓ +5% 적립]|eBook12,000원","지금 주문하면내일(22일,금)도착 예정입니다",김상균,플랜비디인,2020년12월18일
143,144,,나는 강물처럼 말해요(작은곰자리 49)(양장본 HardCover),http://www.kyobobook.co.kr/product/detailViewKor.laf?mallGb=KOR&ejkGb=KOR&barcode=9791158362157,"['무료배송', '이벤트', '오늘의책', '소득공제']","도서11,700원[10%↓ +5% 적립]","지금 주문하면내일(22일,금)도착 예정입니다",조던스콧,책읽는곰,2021년01월15일
144,145,,비전공자를 위한 이해할 수 있는 IT 지식,http://www.kyobobook.co.kr/product/detailViewKor.laf?mallGb=KOR&ejkGb=KOR&barcode=9791196918033,"['무료배송', '이벤트', 'MD의 선택', 'sam', '소득공제']","도서15,120원[10%↓ +5% 적립]|eBook12,000원","지금 주문하면내일(22일,금)도착 예정입니다",최원영,티블유아이지,2020년07월14일
145,146,나씨TV 비트코인 단타의 모든 것,가상화폐 단타의 정석,http://www.kyobobook.co.kr/product/detailViewKor.laf?mallGb=KOR&ejkGb=KOR&barcode=9788965183365,"['무료배송', '소득공제']","도서13,500원[10%↓ +5% 적립]","지금 주문하면내일(22일,금)도착 예정입니다",나씨,경향미디어,2021년09월08일
146,147,머릿속의 스위치를 끄고 싶을 때 보는 뇌과학 이야기,나는 왜 생각이 많을까?,http://www.kyobobook.co.kr/product/detailViewKor.laf?mallGb=KOR&ejkGb=KOR&barcode=9791190179874,"['무료배송', '오늘의책', '소득공제']","도서12,420원[10%↓ +5% 적립]","지금 주문하면내일(22일,금)도착 예정입니다",홋타슈고,서사원,2021년07월19일
147,148,,데미안(리커버 한정판)(초판본)(1919년 오리지널 초판본 패브릭 에디션)(양장본 HardCover),http://www.kyobobook.co.kr/product/detailViewKor.laf?mallGb=KOR&ejkGb=KOR&barcode=9791159036514,"['무료배송', '이벤트', 'sam', '소득공제']","도서10,800원[10%↓ +5% 적립]|eBook2,200원","지금 주문하면내일(22일,금)도착 예정입니다",헤르만헤세,스토리,2017년10월30일
148,149,진짜 영어식 사고 쉽게 알려주는,세진 쌤의 바로 영어,http://www.kyobobook.co.kr/product/detailViewKor.laf?mallGb=KOR&ejkGb=KOR&barcode=9788927701514,"['무료배송', '이벤트', '소득공제']","도서12,150원[10%↓ +5% 적립]","지금 주문하면내일(22일,금)도착 예정입니다",박세진,다락원,2021년09월15일
149,150,"위대한 리더의 조건, 비전",모두를 움직이는 힘,http://www.kyobobook.co.kr/product/detailViewKor.laf?mallGb=KOR&ejkGb=KOR&barcode=9791135468407,"['무료배송', '소득공제']","도서16,020원[10%↓ +5% 적립]|eBook12,400원","지금 주문하면내일(22일,금)도착 예정입니다",마이클하얏트,로크미디어,2021년09월29일
150,151,상처 입은 내면아이와 화해하는 치유의 심리학,내 안의 어린아이가 울고 있다,http://www.kyobobook.co.kr/product/detailViewKor.laf?mallGb=KOR&ejkGb=KOR&barcode=9788901252148,"['무료배송', '오늘의책', 'sam', '소득공제']","도서16,200원[10%↓ +5% 적립]|eBook12,600원","지금 주문하면내일(22일,금)도착 예정입니다",니콜르페라,웅진지식하우스,2021년08월31일
151,152,히가시노 게이고 장편소설,나미야 잡화점의 기적(양장본 HardCover),http://www.kyobobook.co.kr/product/detailViewKor.laf?mallGb=KOR&ejkGb=KOR&barcode=9788972756194,"['무료배송', '이벤트', '오늘의책', '소득공제']","도서13,320원[10%↓ +5% 적립]|eBook10,000원","지금 주문하면내일(22일,금)도착 예정입니다",히가시노게이고,현대문학,2021년03월02일
152,153,대한민국의 정의에 대해 다시 생각해보는 세계적 베스트셀러,정의란 무엇인가(마이클 샌델),http://www.kyobobook.co.kr/product/detailViewKor.laf?mallGb=KOR&ejkGb=KOR&barcode=9788937834790,"['무료배송', '이벤트', '소득공제']","도서13,500원[10%↓ +5% 적립]","지금 주문하면내일(22일,금)도착 예정입니다",마이클샌델,와이즈베리,2014년11월20일
153,154,"사람과 숫자 모두를 얻는, 이 시대의 다른 리더",리더 디퍼런트,http://www.kyobobook.co.kr/product/detailViewKor.laf?mallGb=KOR&ejkGb=KOR&barcode=9788933871676,"['무료배송', '오늘의책', '소득공제']","도서16,920원[10%↓ +5% 적립]|eBook14,000원","지금 주문하면내일(22일,금)도착 예정입니다",사이먼시넥,세계사,2021년08월24일
154,155,,이렇게 맛있고 멋진 채식이라면. 3: 사계절이 내 안으로,http://www.kyobobook.co.kr/product/detailViewKor.laf?mallGb=KOR&ejkGb=KOR&barcode=9791191183092,"['무료배송', '이벤트', '오늘의책', '소득공제']","도서22,320원[10%↓ +5% 적립]","지금 주문하면내일(22일,금)도착 예정입니다",생강(신주하),혜다,2021년10월30일
155,156,"나폴레온 힐, 부와 성공의 원칙",생각하라 그리고 부자가 되어라,http://www.kyobobook.co.kr/product/detailViewKor.laf?mallGb=KOR&ejkGb=KOR&barcode=9791191214376,"['무료배송', 'MD의 선택', 'sam', '소득공제']","도서16,200원[10%↓ +5% 적립]|eBook13,000원","지금 주문하면내일(22일,금)도착 예정입니다",나폴레온힐빌하틀리,반니,2021년01월05일
156,157,,지박소년 하나코군. 15,http://www.kyobobook.co.kr/product/detailViewKor.laf?mallGb=KOR&ejkGb=KOR&barcode=9791136743244,"['무료배송', '이벤트', 'MD의 선택', '한정판매', '소득공제']","도서5,400원[10%↓ +5% 적립]","지금 주문하면내일(22일,금)도착 예정입니다",AidaIro,서울미디어코믹스(서울문화사),2021년09월25일
157,158,염블리 염승환과 함께라면 주식이 쉽고 재미있다,주린이가 가장 알고 싶은 최다질문 TOP 77(교보 단독 리커버),http://www.kyobobook.co.kr/product/detailViewKor.laf?mallGb=KOR&ejkGb=KOR&barcode=9791160023459,"['무료배송', '이벤트', 'MD의 선택', '한정판매', '소득공제']","도서16,200원[10%↓ +5% 적립]","지금 주문하면내일(22일,금)도착 예정입니다",염승환,메이트북스,2021년07월26일
158,159,놓지 마 정신줄 학습 만화,놓지 마 과학!. 15: 사라진 마이아사우라의 호박 장식을 찾아라,http://www.kyobobook.co.kr/product/detailViewKor.laf?mallGb=KOR&ejkGb=KOR&barcode=9791191766318,"['무료배송', '소득공제']","도서10,800원[10%↓ +5% 적립]","지금 주문하면내일(22일,금)도착 예정입니다",신태훈나승훈,위즈덤하우스,2021년08월18일
159,161,"펜트업, 멈췄던 소비가 폭발한다 지갑을 열 IT 기술들",모바일 미래보고서 2022,http://www.kyobobook.co.kr/product/detailViewKor.laf?mallGb=KOR&ejkGb=KOR&barcode=9791162542378,"['무료배송', '이벤트', 'MD의 선택', '소득공제']","도서16,020원[10%↓ +5% 적립]|eBook12,460원","지금 주문하면내일(22일,금)도착 예정입니다",커넥팅랩,비즈니스북스,2021년09월28일
160,162,,연애시대(양장본 HardCover),http://www.kyobobook.co.kr/product/detailViewKor.laf?mallGb=KOR&ejkGb=KOR&barcode=9791191043365,"['무료배송', '이벤트', '소득공제']","도서15,300원[10%↓ +5% 적립]","지금 주문하면내일(22일,금)도착 예정입니다",노와히사시,모모,2021년09월08일
161,163,평범한 30대 직장인 아빠가 근로소득을 자본소득으로 바꾼 7단계투자공부법,더 늦기 전에  당신이 자본주의를  제대로  알면 좋겠습니다,http://www.kyobobook.co.kr/product/detailViewKor.laf?mallGb=KOR&ejkGb=KOR&barcode=9791165216801,"['무료배송', 'MD의 선택', '소득공제']","도서15,300원[10%↓ +5% 적립]|eBook11,900원","지금 주문하면내일(22일,금)도착 예정입니다",이희대,퀘스트,2021년09월15일
162,164,진중권이 파헤친 위선적인 정권의 민낯,이것이 우리가 원했던 나라인가,http://www.kyobobook.co.kr/product/detailViewKor.laf?mallGb=KOR&ejkGb=KOR&barcode=9788950997618,"['무료배송', '소득공제']","도서15,300원[10%↓ +5% 적립]|eBook13,600원","지금 주문하면내일(22일,금)도착 예정입니다",진중권,21세북스,2021년10월06일
163,165,호스피스 의사가 아버지를 떠나보내며 깨달은 삶의 의미,아버지의 죽음 앞에서,http://www.kyobobook.co.kr/product/detailViewKor.laf?mallGb=KOR&ejkGb=KOR&barcode=9791190538381,"['무료배송', '이벤트', '오늘의책', 'sam', '소득공제']","도서15,120원[10%↓ +5% 적립]|eBook11,500원","지금 주문하면내일(22일,금)도착 예정입니다",레이첼클라크,메이븐,2021년10월04일
164,166,,제12회 젊은작가상 수상작품집(2021),http://www.kyobobook.co.kr/product/detailViewKor.laf?mallGb=KOR&ejkGb=KOR&barcode=9788954678407,"['오늘의책', '소득공제']","도서4,950원[10%↓ +5% 적립]|eBook3,900원","지금 주문하면내일(22일,금)도착 예정입니다",전하영김멜라김지연김혜진박서련,문학동네,2021년04월07일
165,167,,멋진 신세계,http://www.kyobobook.co.kr/product/detailViewKor.laf?mallGb=KOR&ejkGb=KOR&barcode=9788973814725,"['무료배송', '이벤트', 'MD의 선택', 'sam', '소득공제']","도서12,420원[10%↓ +5% 적립]|eBook8,280원","지금 주문하면내일(22일,금)도착 예정입니다",올스헉슬리,소담출판사,2015년06월12일
166,168,이꽃님 장편소설,죽이고 싶은 아이(우리학교 소설 읽는 시간),http://www.kyobobook.co.kr/product/detailViewKor.laf?mallGb=KOR&ejkGb=KOR&barcode=9791190337755,"['무료배송', '이벤트', '오늘의책', '소득공제']","도서11,250원[10%↓ +5% 적립]|eBook8,750원","지금 주문하면내일(22일,금)도착 예정입니다",이꽃님,우리학교,2021년06월07일
167,169,최진영 소설,구의 증명(은행나무 노벨라 7),http://www.kyobobook.co.kr/product/detailViewKor.laf?mallGb=KOR&ejkGb=KOR&barcode=9788956608556,"['MD의 선택', '소득공제']","도서7,200원[10%↓ +5% 적립]|eBook7,200원","지금 주문하면내일(22일,금)도착 예정입니다",최진영,은행나무,2015년03월30일
168,170,,알사탕(그림책이 참 좋아 39)(양장본 HardCover),http://www.kyobobook.co.kr/product/detailViewKor.laf?mallGb=KOR&ejkGb=KOR&barcode=9791158360375,"['무료배송', '이벤트', '오늘의책', '소득공제']","도서10,800원[10%↓ +5% 적립]","지금 주문하면내일(22일,금)도착 예정입니다",백희나,책읽는곰,2017년03월25일
169,171,,이명이 사라지는 순간,http://www.kyobobook.co.kr/product/detailViewKor.laf?mallGb=KOR&ejkGb=KOR&barcode=9791191283921,"['무료배송', '소득공제']","도서13,500원[10%↓ +5% 적립]","지금 주문하면내일(22일,금)도착 예정입니다",김혜연이희창,라온북,2021년10월18일
170,172,술술 잘 읽히는 첫아기 잘 키우는법,임신 출산 육아 대백과(2021~2022)(개정판),http://www.kyobobook.co.kr/product/detailViewKor.laf?mallGb=KOR&ejkGb=KOR&barcode=9788915107908,"['무료배송', '소득공제']","도서17,550원[10%↓ +5% 적립]","지금 주문하면내일(22일,금)도착 예정입니다",삼성출판사편집부,삼성출판사,2021년07월31일
171,173,정유정 장편소설,종의 기원,http://www.kyobobook.co.kr/product/detailViewKor.laf?mallGb=KOR&ejkGb=KOR&barcode=9788956609959,"['무료배송', '이벤트', '오늘의책', '소득공제']","도서11,700원[10%↓ +5% 적립]|eBook9,100원","지금 주문하면내일(22일,금)도착 예정입니다",정유정,은행나무,2016년05월16일
172,174,,마법천자문. 51: 찬란하게 빛나라! 빛날 휘,http://www.kyobobook.co.kr/product/detailViewKor.laf?mallGb=KOR&ejkGb=KOR&barcode=9788950995904,"['무료배송', 'MD의 선택', '소득공제']","도서10,800원[10%↓ +5% 적립]|eBook9,600원","지금 주문하면내일(22일,금)도착 예정입니다",유대영,아울북,2021년07월12일
173,175,긴 세월 반짝이는 생명,귀멸의 칼날. 23(완결),http://www.kyobobook.co.kr/product/detailViewKor.laf?mallGb=KOR&ejkGb=KOR&barcode=9791134882761,"['무료배송', '이벤트', 'MD의 선택', '소득공제']","도서4,500원[10%↓ +5% 적립]","지금 주문하면내일(22일,금)도착 예정입니다",고토게코요하루,학산문화사,2021년04월25일
174,176,우리가 사소한 일에 흥분하는 이유,모기 뒤에 숨은 코끼리,http://www.kyobobook.co.kr/product/detailViewKor.laf?mallGb=KOR&ejkGb=KOR&barcode=9788947547444,"['무료배송', '이벤트', '오늘의책', 'sam', '소득공제']","도서15,120원[10%↓ +5% 적립]|eBook13,440원","지금 주문하면내일(22일,금)도착 예정입니다",에른스트프리트하니슈에바분러,한국경제신문,2021년08월20일
175,177,,시크릿(양장본 HardCover),http://www.kyobobook.co.kr/product/detailViewKor.laf?mallGb=KOR&ejkGb=KOR&barcode=9788952206503,"['무료배송', 'MD의 선택', '소득공제']","도서12,420원[10%↓ +5% 적립]|eBook9,000원","지금 주문하면내일(22일,금)도착 예정입니다",론다번,살림Biz,2007년06월18일
176,178,새로운 부와 힘을 탄생시킬 8가지 거대한 물결,2030 축의 전환,http://www.kyobobook.co.kr/product/detailViewKor.laf?mallGb=KOR&ejkGb=KOR&barcode=9788901246086,"['무료배송', '이벤트', 'MD의 선택', 'sam', '소득공제']","도서16,200원[10%↓ +5% 적립]|eBook11,340원","지금 주문하면내일(22일,금)도착 예정입니다",마우로옌,리스북,2020년10월16일
177,179,김달 에세이,헤맨다고 모두 길을 잃는 것은 아니다,http://www.kyobobook.co.kr/product/detailViewKor.laf?mallGb=KOR&ejkGb=KOR&barcode=9791191825046,"['무료배송', 'MD의 선택', '소득공제']","도서13,950원[10%↓ +5% 적립]|eBook10,850원","지금 주문하면내일(22일,금)도착 예정입니다",김달,빅피시,2021년07월28일
178,180,100만 왕초보가 감동한 최고의 주식투자 입문서,주식투자 무작정 따라하기(2020)(개정판),http://www.kyobobook.co.kr/product/detailViewKor.laf?mallGb=KOR&ejkGb=KOR&barcode=9791165210144,"['무료배송', '이벤트', 'MD의 선택', '소득공제']","도서16,200원[10%↓ +5% 적립]|eBook12,600원","지금 주문하면내일(22일,금)도착 예정입니다",윤재수,길벗,2020년01월10일
179,181,슈퍼리치의 서재에서 찾아낸 부자의 길,부의 인문학,http://www.kyobobook.co.kr/product/detailViewKor.laf?mallGb=KOR&ejkGb=KOR&barcode=9788995563502,"['무료배송', '이벤트', '오늘의책', 'sam', '소득공제']","도서13,500원[10%↓ +5% 적립]|eBook10,000원","지금 주문하면내일(22일,금)도착 예정입니다",브라운스톤(우석),오픈마인드,2019년10월04일
180,182,자연의 기쁨을 삶에 들이는 시간,THE KINFOLK GARDEN(킨포크 가든)(양장본 HardCover),http://www.kyobobook.co.kr/product/detailViewKor.laf?mallGb=KOR&ejkGb=KOR&barcode=9791155814017,"['무료배송', '이벤트', 'MD의 선택', '소득공제']","도서29,700원[10%↓ +5% 적립]","지금 주문하면내일(22일,금)도착 예정입니다",존번스,윌북,2021년10월01일
181,183,300만 살 도시공룡 브라키오의 일상 탐험,우리는 조구만 존재야,http://www.kyobobook.co.kr/product/detailViewKor.laf?mallGb=KOR&ejkGb=KOR&barcode=9791165213497,"['무료배송', '이벤트', '오늘의책', '소득공제']","도서12,150원[10%↓ +5% 적립]|eBook9,450원","지금 주문하면내일(22일,금)도착 예정입니다",조구만스튜디오,퀘스트,2020년12월11일
182,184,지금껏 설명하지 못한 투자의 신세계,복잡계 세상에서의 투자,http://www.kyobobook.co.kr/product/detailViewKor.laf?mallGb=KOR&ejkGb=KOR&barcode=9791190977357,"['무료배송', '오늘의책', 'sam', '소득공제']","도서15,300원[10%↓ +5% 적립]|eBook12,000원","지금 주문하면내일(22일,금)도착 예정입니다",오종태,페이지2북스,2021년08월27일
183,185,,마음챙김의 시,http://www.kyobobook.co.kr/product/detailViewKor.laf?mallGb=KOR&ejkGb=KOR&barcode=9791190382267,"['무료배송', '오늘의책', '소득공제']","도서11,700원[10%↓ +5% 적립]|eBook9,500원","지금 주문하면내일(22일,금)도착 예정입니다",류시화(엮음)루이즈글릭외,수오서재,2020년09월17일
184,186,지혜를 찾아 138억 년을 달리는 시간 여행서,지적 대화를 위한 넓고 얕은 지식: 제로 편,http://www.kyobobook.co.kr/product/detailViewKor.laf?mallGb=KOR&ejkGb=KOR&barcode=9791190313131,"['무료배송', '오늘의책', 'sam', '소득공제']","도서17,820원[10%↓ +5% 적립]|eBook13,800원","지금 주문하면내일(22일,금)도착 예정입니다",채사장,웨일북(whalebooks),2019년12월24일
185,187,,어린이 수수께끼(읽으면서 바로 써먹는)(맛있는 공부 31),http://www.kyobobook.co.kr/product/detailViewKor.laf?mallGb=KOR&ejkGb=KOR&barcode=9791158681746,"['무료배송', '이벤트', 'MD의 선택', '소득공제']","도서10,800원[10%↓ +5% 적립]","지금 주문하면내일(22일,금)도착 예정입니다",한날,파란정원,2020년05월20일
186,188,레버리지가 아니면 평범한 인생을 바꿀 수 없다,라오어의 미국주식 무한매수법,http://www.kyobobook.co.kr/product/detailViewKor.laf?mallGb=KOR&ejkGb=KOR&barcode=9791165795788,"['무료배송', '이벤트', 'MD의 선택', '소득공제']","도서14,400원[10%↓ +5% 적립]|eBook11,200원","지금 주문하면내일(22일,금)도착 예정입니다",라오어,알키,2021년06월02일
187,189,,초역 니체의 말(양장본 HardCover),http://www.kyobobook.co.kr/product/detailViewKor.laf?mallGb=KOR&ejkGb=KOR&barcode=9788978496155,"['무료배송', 'MD의 선택', '소득공제']","도서12,600원[10%↓ +5% 적립]","지금 주문하면내일(22일,금)도착 예정입니다",프리드리히니체시라토리하루히코(엮음),삼호미디어,2020년03월10일
188,190,,소설 보다: 가을 2021,http://www.kyobobook.co.kr/product/detailViewKor.laf?mallGb=KOR&ejkGb=KOR&barcode=9788932039022,"['MD의 선택', '소득공제']","도서3,150원[10%↓ +5% 적립]","지금 주문하면내일(22일,금)도착 예정입니다",구소현권혜영이주란,문학과지성사,2021년09월13일
189,191,당신의 하루를 바꾸는 기적 아침 6분이면 충분하다,미라클모닝,http://www.kyobobook.co.kr/product/detailViewKor.laf?mallGb=KOR&ejkGb=KOR&barcode=9791157841110,"['무료배송', '이벤트', '오늘의책', 'sam', '소득공제']","도서10,800원[10%↓ +5% 적립]|eBook8,400원","지금 주문하면내일(22일,금)도착 예정입니다",할엘로드,한빛비즈,2016년02월22일
190,192,1%의 가치를 혁신으로 만드는 작은 거인의 건설 현장 노트,더 나은 내일을 건설합니다,http://www.kyobobook.co.kr/product/detailViewKor.laf?mallGb=KOR&ejkGb=KOR&barcode=9791187831105,"['무료배송', '소득공제']","도서13,500원[10%↓ +5% 적립]",지금 주문하면10월 23일 출고 예정입니다,김경수,에이블북(ABLEBOOK),2021년10월18일
191,193,한 권으로 현실 세계를 통달하는 지식 여행서,지적 대화를 위한 넓고 얕은 지식. 1,http://www.kyobobook.co.kr/product/detailViewKor.laf?mallGb=KOR&ejkGb=KOR&barcode=9791190313186,"['무료배송', 'MD의 선택', 'sam', '소득공제']","도서14,400원[10%↓ +5% 적립]|eBook11,200원","지금 주문하면내일(22일,금)도착 예정입니다",채사장,웨일북(whalebooks),2020년02월05일
192,194,어디서부터 공부해야 할지 막막한 당신에게,재개발 투자의 정석,http://www.kyobobook.co.kr/product/detailViewKor.laf?mallGb=KOR&ejkGb=KOR&barcode=9788969524799,"['무료배송', '소득공제']","도서16,200원[10%↓ +5% 적립]",지금 주문하면10월 23일 출고 예정입니다,서쪽도사(우은제),경향BP,2021년10월22일
193,195,,데미안(세계문학전집 44),http://www.kyobobook.co.kr/product/detailViewKor.laf?mallGb=KOR&ejkGb=KOR&barcode=9788937460449,"['이벤트', 'MD의 선택', '소득공제']","도서7,200원[10%↓ +5% 적립]|eBook5,600원","지금 주문하면내일(22일,금)도착 예정입니다",헤르만헤세,민음사,2009년01월20일
194,196,,순례자의 길(개정판 2판)(기독교 영성 시리즈),http://www.kyobobook.co.kr/product/detailViewKor.laf?mallGb=KOR&ejkGb=KOR&barcode=9798972363117,"['무료배송', 'sam', '소득공제']","도서13,500원[10%↓ +5% 적립]|eBook15,000원","지금 주문하면내일(22일,금)도착 예정입니다",무명의순례,은성,2003년10월09일
195,197,,열두 살 장래 희망(양장본 HardCover),http://www.kyobobook.co.kr/product/detailViewKor.laf?mallGb=KOR&ejkGb=KOR&barcode=9788936448035,"['무료배송', '오늘의책', '소득공제']","도서11,700원[10%↓ +5% 적립]","지금 주문하면내일(22일,금)도착 예정입니다",박성우,창비,2021년07월23일
196,198,본질에 집중하는 힘,에센셜리즘,http://www.kyobobook.co.kr/product/detailViewKor.laf?mallGb=KOR&ejkGb=KOR&barcode=9788925553375,"['무료배송', '이벤트', '오늘의책', 'sam', '소득공제']","도서13,500원[10%↓ +5% 적립]|eBook10,500원","지금 주문하면내일(22일,금)도착 예정입니다",그렉맥커운,알에이치코리아,2014년09월19일
197,199,ETF만으로도 꼬박꼬박 연 40% 수익 내는 법,부의 시작,http://www.kyobobook.co.kr/product/detailViewKor.laf?mallGb=KOR&ejkGb=KOR&barcode=9791165216955,"['무료배송', '이벤트', 'MD의 선택', '소득공제']","도서18,900원[10%↓ +5% 적립]","지금 주문하면내일(22일,금)도착 예정입니다",박민수,길벗,2021년10월03일
198,200,,베서니와 괴물의 복수(베서니와 괴물 시리즈 2)(양장본 HardCover),http://www.kyobobook.co.kr/product/detailViewKor.laf?mallGb=KOR&ejkGb=KOR&barcode=9791130641003,"['무료배송', 'MD의 선택', '소득공제']","도서12,600원[10%↓ +5% 적립]","지금 주문하면내일(22일,금)도착 예정입니다",잭메트-필립스,요요,2021년09월30일
